Index,Video Url,Video Title,Video Views,Video Likes,Video Comments,Video Author,Duration In Seconds
1,https://www.youtube.com/watch?v=EytSHmDICgE,7 Crazy AI Tools You Must Try In August 2023 ü§Ø,106257,11124,559,Trakin Tech,417
2,https://www.youtube.com/watch?v=kMiy8ZywF88,I bought the most EXPENSIVE Tech on the internet.,7773083,251619,8899,Mrwhosetheboss,1681
3,https://www.youtube.com/watch?v=aZB7jOH3Reg,Most Ingenious Construction Inventions & Advanced Working Technology ‚ñ∂4,593304,4034,55,Quantum Tech HD,651
4,https://www.youtube.com/watch?v=bXQdf9Mjn6Q,CONSTRUCTION TECHNOLOGIES THAT HAVE REACHED A NEW LEVEL,603656,3933,99,TechZone,917
5,https://www.youtube.com/watch?v=uvsyIlKhVlQ,Artificial Biology: BIOTECHNOLOGY in the Future (2050),341633,10739,783,Venture City,695
6,https://www.youtube.com/watch?v=DITpoLza3cY,Most Ingenious Construction Inventions & Advanced Working Technology ‚ñ∂5,482252,2567,38,Quantum Tech HD,588
7,https://www.youtube.com/watch?v=LF44yJ-_1NQ,Bloomberg Technology 08/22/2023,3935,88,15,Bloomberg Technology,2659
8,https://www.youtube.com/watch?v=WyahcBu3c_M,Science and Technology | What is Design & Trademark With Answer Writing | By Rudra Sir | Adda247 PCS,228,25,0,Adda247 PCS,3211
9,https://www.youtube.com/watch?v=nF_YtQkcyAM,I bought the most CURSED Tech on the internet.,8943871,224416,7969,Mrwhosetheboss,1559
10,https://www.youtube.com/watch?v=MX79n1kjb58,Timelapse of Future Technology: Next 1000 Years,222618,7028,634,Koranos,672
11,https://www.youtube.com/watch?v=68PlPkeOwng,Advances in Space Technology: Everything You Need to Know | Complete Series | FD Engineering,286150,3222,135,Free Documentary - Engineering,19635
12,https://www.youtube.com/watch?v=z7RgDylszHQ,TECHNOLOGY,711184,32069,5508,Sunny Jafry,607
13,https://www.youtube.com/watch?v=gMsQO5u7-NQ,The Disappearing Computer: An Exclusive Preview of Humane‚Äôs Screenless Tech | Imran Chaudhri | TED,1212840,29942,2035,TED,835
14,https://www.youtube.com/watch?v=t-OyxDHELFU,We Made World's First Transparent Smartphone !,4465143,269378,16148,Tech Burner,423
15,https://www.youtube.com/watch?v=d2R55iy467Q,Moreno & Prieto  - Technology Radio #31 (DJ-SET),1585,89,6,Technology Productions,3462
16,https://www.youtube.com/watch?v=ZFXp57UxMdA,Japan ‡§ï‡•à‡§∏‡•á ‡§¨‡§®‡§æ ‡§ü‡•á‡§ï‡•ç‡§®‡•â‡§≤‡§ú‡•Ä ‡§ï‡§æ ‡§∞‡§æ‡§ú‡§æ? | How Japan became a technological superpower?,38263,1336,44,The Mystica Land,513
17,https://www.youtube.com/watch?v=aX-FXKc6lp4,Military Inventions and Technologies That Are On Another Level,2946035,13769,408,Quantum Tech HD,569
18,https://www.youtube.com/watch?v=KVLIrWfXO6A,Access Any WhatsApp on Your Phone - 15 Tips Tricks,661134,77177,2427,Technology Gyan,422
19,https://www.youtube.com/watch?v=-JWJ3ZOLwAo,MIND BLOWING MILITARY TECHNOLOGIES THAT WILL SURPRISE YOU,91530,2278,85,TechZone,901
20,https://www.youtube.com/watch?v=lYP_q6eaR98,"Tech News 1607 || iPhone 15 Ultra, Pixel 8 pro, Poco F5 Pro, Vivo X100 Pro+, Bharat NCAP Etc..",186131,16354,453,Prasadtechintelugu,453
21,https://www.youtube.com/watch?v=ICM9E3ocwmE,CONSTRUCTION TECHNOLOGIES THAT HAVE REACHED A NEW LEVEL,2205393,9073,340,TechZone,925
22,https://www.youtube.com/watch?v=zjM9Ifg4_mE,CONSTRUCTION TECHNOLOGIES THAT HAVE REACHED A NEW LEVEL,549655,3117,65,TechZone,877
23,https://www.youtube.com/watch?v=PxbkAoY-xXU,15 COOL GADGETS YOU DIDN'T KNOW ABOUT BEFORE,340244,3986,85,TechZone,904
24,https://www.youtube.com/watch?v=cvDGqAtNzUc,Crappy Technology,1880030,154808,7538,NakeyJakey,752
25,https://www.youtube.com/watch?v=FGW3TPytTjc,"The Problem with Linus Tech Tips: Accuracy, Ethics, & Responsibility",4890596,353822,56218,Gamers Nexus,2655
26,https://www.youtube.com/watch?v=aWg8nxBxPsY,"This ‚Çπ15,000 Phone is Different ! *Tecno POVA 5 Pro 5G*",890761,40446,963,Tech Burner,503
27,https://www.youtube.com/watch?v=lJhOwLW_qaY,Things Just Got WORSE For Linus Tech Tips..,34260,3047,354,CAMELOT331,598
28,https://www.youtube.com/watch?v=JmD9rohDnjQ,Where Thousands Of Tech Workers Went After Mass Layoffs,507514,6196,1023,CNBC,828
29,https://www.youtube.com/watch?v=dpnRQWG6gSU,6G Networks (a NEW Era of Technology),137946,3085,596,AI Uncovered,748
30,https://www.youtube.com/watch?v=O2WvCtd5HVI,I Tested 5 Desktop/Laptop Speakers Under 1000/-,75016,5399,498,Venom's Tech,508
31,https://www.youtube.com/watch?v=atMwR3orf_A,10 ‡πÄ‡∏ó‡∏Ñ‡πÇ‡∏ô‡πÇ‡∏•‡∏¢‡∏µ ‡πÄ‡∏õ‡∏•‡∏µ‡πà‡∏¢‡∏ô‡∏ä‡∏µ‡∏ß‡∏¥‡∏ï‡∏õ‡∏µ 2023 | MIT Technology review | ‡∏≠‡∏≤‡∏´‡∏≤‡∏£‡∏™‡∏°‡∏≠‡∏á‡∏Å‡∏±‡∏ö The BookTeller,4792,254,12,The BookTeller,481
32,https://www.youtube.com/watch?v=sW_DwcERmBE,7 Fantastic Gadgets I Bought Online !,576696,22335,406,TechBar,724
33,https://www.youtube.com/watch?v=8PTjPzw9VhY,This goofy fridge has a really clever design. It's also kinda terrible.,1513319,66006,9146,Technology Connections,3813
34,https://www.youtube.com/watch?v=EaMe9Bw6uL4,"Employee EXPOSES Linus Tech Tips.. It's Over, New Details",65695,7581,970,CAMELOT331,1448
35,https://www.youtube.com/watch?v=tX6NlMOXJIE,CONSTRUCTION TECHNOLOGIES THAT HAVE REACHED A NEW LEVEL,1198859,4646,141,TechZone,899
36,https://www.youtube.com/watch?v=SebTRdDcUU0,Bloomberg Technology 08/14/2023,9094,151,16,Bloomberg Technology,2664
37,https://www.youtube.com/watch?v=cVMP9rW8XU4,The REAL Linus Tech Tips Apology,145247,11450,422,SAMTIME,160
38,https://www.youtube.com/watch?v=cPUbFteFL5Q,You‚Äôve lived without these. Stop it. ‚Äì Handy Tech Under $100,1814841,78644,2061,Linus Tech Tips,659
39,https://www.youtube.com/watch?v=lRElsjzAmcw,Linus Tech Tips Is Bleeding Subscribers,148351,5979,1128,ReviewTechUSA,353
40,https://www.youtube.com/watch?v=nHFR9eUHdqM,"OnePlus 11RT Coming?, iQOO Z7 Pro Specs, realme GT 5 24GB RAM, iPhone 15 35W üòØ, vivo V29e-#TTN1498",351319,18645,504,Trakin Tech,385
41,https://www.youtube.com/watch?v=7dcCjqJ9MoE,COOL INVENTIONS YOU SHOULD SEE,1201899,8885,332,TechZone,1153
42,https://www.youtube.com/watch?v=cPUbFteFL5Q,You‚Äôve lived without these. Stop it. ‚Äì Handy Tech Under $100,1814841,78644,2061,Linus Tech Tips,659
43,https://www.youtube.com/watch?v=dpnRQWG6gSU,6G Networks (a NEW Era of Technology),137946,3085,596,AI Uncovered,748
44,https://www.youtube.com/watch?v=sW_DwcERmBE,7 Fantastic Gadgets I Bought Online !,576696,22335,406,TechBar,724
45,https://www.youtube.com/watch?v=tX6NlMOXJIE,CONSTRUCTION TECHNOLOGIES THAT HAVE REACHED A NEW LEVEL,1198859,4646,141,TechZone,899
46,https://www.youtube.com/watch?v=8PTjPzw9VhY,This goofy fridge has a really clever design. It's also kinda terrible.,1513319,66006,9146,Technology Connections,3813
47,https://www.youtube.com/watch?v=nHFR9eUHdqM,"OnePlus 11RT Coming?, iQOO Z7 Pro Specs, realme GT 5 24GB RAM, iPhone 15 35W üòØ, vivo V29e-#TTN1498",351319,18645,504,Trakin Tech,385
48,https://www.youtube.com/watch?v=bSsnjFzaNK8,What is Information Technology With Full Information? ‚Äì [Hindi] ‚Äì Quick Support,1043856,39538,1065,Quick Support,686
49,https://www.youtube.com/watch?v=VsNHrAzx5_w,Contactors: how we power the big stuff,834304,41900,2598,Technology Connections,1550
50,https://www.youtube.com/watch?v=difvQyWFmxw,"Technology I - Vocabulary for Kids - Laptop, monitor, mouse, speakers, webcam, microphone...",350760,3606,0,Smile and Learn - English,244
51,https://www.youtube.com/watch?v=Zeza83WlXxg,Should we be worried about technology?,253065,4552,218,The Economist,651
52,https://www.youtube.com/watch?v=JAyZaSFwQoE,New Inventions That Are At Another Level | Amazing Products & Concept Ideas ‚ñ∂45,1005625,4670,88,Quantum Tech HD,600
53,https://www.youtube.com/watch?v=YM4RwteFtnI,Bloomberg Technology 08/18/2023,9442,123,15,Bloomberg Technology,2657
54,https://www.youtube.com/watch?v=drqDViPAQtA,Technology,2355493,30693,853,Chris Brown,211
55,https://www.youtube.com/watch?v=NIJhge5EYjE,My Favorite Tech Gadgets You Can Buy RIGHT NOW!,499473,14263,434,randomfrankp,917
56,https://www.youtube.com/watch?v=sbXv3lNyoeo,China's New Construction Technology SHOCKED US Engineers,104782,591,53,Carros Show,568
57,https://www.youtube.com/watch?v=rQadCm9QPGs,'Bloomberg Technology' Full Show (06/26/2023),11275,151,10,Bloomberg Technology,2635
58,https://www.youtube.com/watch?v=7dcCjqJ9MoE,COOL INVENTIONS YOU SHOULD SEE,1201899,8885,332,TechZone,1153
59,https://www.youtube.com/watch?v=4zKewxRfKnw,10 Top Technologies You MUST Learn In 2023 - Upcoming Technologies That Will Change the Game!,23691,1036,95,Tiff In Tech,837
60,https://www.youtube.com/watch?v=Wq1FgtUcuQA,The next evolution in tech needs to be nearly frozen to operate. See how it works,292774,3287,500,CNN,389
61,https://www.youtube.com/watch?v=jTX8MSw0Ufw,Top 10 Technologies To Learn In 2023 | Trending Technologies In 2023 | Simplilearn,667962,9987,97,Simplilearn,654
62,https://www.youtube.com/watch?v=a3m5U1d06AY,‡§ñ‡•á‡§§‡•Ä ‡§ï‡•Ä ‡§Ö‡§¶‡•ç‡§≠‡•Å‡§§ ‡§Æ‡§∂‡•Ä‡§®‡•á‡§Ç | Modern Technology Agriculture Machines That Are At Another Level,1870922,7237,72,Knowledge Mind,488
63,https://www.youtube.com/watch?v=vlnL_bEV_DA,"Tech News 1602 || Google Pixel 8,iPhone SE4,Chinmayi Scam,Oppo Find N3 Flip,Lava Guinness Record.Etc",234220,17002,471,Prasadtechintelugu,450
64,https://www.youtube.com/watch?v=IOubL93zQHI,New Audi with augmented reality technology!,1088376,23405,1183,Supercar Blondie,557
65,https://www.youtube.com/watch?v=EoJ6gXGL-zM,AI expert reveals his 'single greatest fear' about the technology,273816,3127,961,CNN,344
66,https://www.youtube.com/watch?v=I8oMcMlItpU,Ayo Yo Technology - Sunep Lemtur Feat. Kunotolly Sumi (Nagamese Comedy Song),3653383,72876,1429,Sunep Lemtur,290
67,https://www.youtube.com/watch?v=7SH4irC_xMs,Primitive Technology: New Brick Kiln Design,1849015,85793,3802,Primitive Technology,835
68,https://www.youtube.com/watch?v=zjM9Ifg4_mE,CONSTRUCTION TECHNOLOGIES THAT HAVE REACHED A NEW LEVEL,549655,3117,65,TechZone,877
69,https://www.youtube.com/watch?v=-hxeDjAxvJ8,"Marc Andreessen: Future of the Internet, Technology, and AI | Lex Fridman Podcast #386",1020407,12870,1958,Lex Fridman,11495
70,https://www.youtube.com/watch?v=cbNwmt7kstk,Scientists Still Can't Explain This Ancient Technology,265143,3908,263,Motech,1300
71,https://www.youtube.com/watch?v=wXCHT9HUoQc,Look Inside Series: Cell Driver‚Ñ¢ Technology | Exro Technologies,468,52,9,Exro,1377
72,https://www.youtube.com/watch?v=vLZ1QyB9BNk,India's First Driverless Car !,2031719,76317,1008,Tech Burner,404
73,https://www.youtube.com/watch?v=gsvxHJWnP_s,‡§ï‡•ç‡§Ø‡§æ ‡§π‡•à Hyperloop | Virgin Hyperloop | Hyperloop Technology | Mumbai Pune Hyperloop,8898759,283836,8628,Khan GS Research Centre,1012
74,https://www.youtube.com/watch?v=OzGudoy7keA,How To Grow 69 Millions Of Cucumbers In Greenhouse And Harvest - Modern Agriculture Technology,11256541,35364,1173,Noal Farm,527
75,https://www.youtube.com/watch?v=CpLdL8ONEm4,The Terrifying Technology Inside Drone Cameras,1009671,21113,1056,New Mind,1115
76,https://www.youtube.com/watch?v=h5oJSuF3g8c,INCREDIBLE CONSTRUCTION TECHNOLOGIES THAT ARE WORTH SEEING,1543132,9800,143,TechZone,778
77,https://www.youtube.com/watch?v=Ez9uVSKLYUI,"The Problem with Tech Media: Ego, Dogmatism, and Cult of Personality",105836,7124,2181,TechTechPotato,5696
78,https://www.youtube.com/watch?v=rnBQXmO_StE,BOX SET: 6 Minute English - Internet and Technology English mega-class! One hour of new vocabulary!,950062,14330,187,BBC Learning English,3664
79,https://www.youtube.com/watch?v=cbNwmt7kstk,Scientists Still Can't Explain This Ancient Technology,265143,3908,263,Motech,1300
80,https://www.youtube.com/watch?v=dBy4twDV4PY,How China is losing its technology advantage,419625,14544,2029,TechAltar,1028
81,https://www.youtube.com/watch?v=kdJtHKrfixg,Linus Tech Tips Drama Explained,168701,8629,1303,KristoferYee,1142
82,https://www.youtube.com/watch?v=pefl5EXfn6Q,What's in My BACK TO SCHOOL TECH BAG? 2023,50769,1992,73,Karl Conrad,821
83,https://www.youtube.com/watch?v=7SH4irC_xMs,Primitive Technology: New Brick Kiln Design,1849015,85793,3802,Primitive Technology,835
84,https://www.youtube.com/watch?v=JbZW_oCUlsg,Palm-payment technology coming to all U.S. Whole Foods,23216,232,288,CBS News,137
85,https://www.youtube.com/watch?v=U0YW7x9U5TQ,Electric cars prove we need to rethink brake lights,2822381,123634,16341,Technology Connections,1783
86,https://www.youtube.com/watch?v=gsvxHJWnP_s,‡§ï‡•ç‡§Ø‡§æ ‡§π‡•à Hyperloop | Virgin Hyperloop | Hyperloop Technology | Mumbai Pune Hyperloop,8898759,283836,8628,Khan GS Research Centre,1012
87,https://www.youtube.com/watch?v=fmpFU8GBdQo,Primitive Technology: Amazing Catch A Giant HoneyBee For Food On The Big Tree,6043057,21366,473,Primitive Jungle,511
88,https://www.youtube.com/watch?v=X3byz3txpso,"HW News - Linus Tech Tips' Terrible Response, ESMC, & Starfield x AMD GPUs",2440803,154315,28543,Gamers Nexus,1558
89,https://www.youtube.com/watch?v=PKATJiyz0iI,10 Coolest Gadgets and Inventions That Will Blow Your Mind,1356436,14594,290,Future Tech,511
90,https://www.youtube.com/watch?v=7uDVkaG-78g,How Are 100 Million Tons of Watermelons Harvested? | Agriculture Technology,1529795,10711,290,Hawk Farm,1712
91,https://www.youtube.com/watch?v=Wq1FgtUcuQA,The next evolution in tech needs to be nearly frozen to operate. See how it works,292774,3287,500,CNN,389
92,https://www.youtube.com/watch?v=vcl-xcvjkSI,10 COOLEST AI Inventions You Can BUY Right Now,54655,784,30,Future Tech,590
93,https://www.youtube.com/watch?v=AkdrpnaOfYA,INCREDIBLE TECHNOLOGIES FOR THE URBAN ENVIRONMENT,489391,4235,135,TechZone,802
94,https://www.youtube.com/watch?v=BTe5reYmNig,I bought the TINIEST Tech on the Internet.,8348228,188076,6275,Mrwhosetheboss,884
95,https://www.youtube.com/watch?v=9CE80cBEcu0,High Paying Technologies I Am Learning In 2023,673395,19062,859,Harkirat Singh,1052
96,https://www.youtube.com/watch?v=DPFZM9O8lA0,Awesome Back to School Tech 2023! (Baller Edition),222717,4841,182,UrAvgConsumer,871
97,https://www.youtube.com/watch?v=a_5btLCRR24,50 Cent - Ayo Technology (feat. Justin Timberlake & Timbaland),1148461,13017,317,The Real G Music TV,248
98,https://www.youtube.com/watch?v=OwKKw_7PnYY,Diy tractor making asphalt road new technology | diy mini construction machine | @SunFarming,56294701,128389,1851,Sun Farming,1413
99,https://www.youtube.com/watch?v=MXkoN4rql3g,Revolution Of Artificial Intelligence | Future Technology | Digital Economy | Documentary,64808,1143,112,Moconomy,3168
100,https://www.youtube.com/watch?v=4zKewxRfKnw,10 Top Technologies You MUST Learn In 2023 - Upcoming Technologies That Will Change the Game!,23691,1036,95,Tiff In Tech,837
101,https://www.youtube.com/watch?v=SSC0RkJuBVw,Apple Vision Pro - Is it worth $3500?,9464649,278413,18039,Mrwhosetheboss,770
102,https://www.youtube.com/watch?v=KHq_MCMA89Q,How New Boeing's Plan Will Change Aviation Forever,208810,2058,369,Beyond Facts,490
103,https://www.youtube.com/watch?v=P73REgj-3UE,Primitive Technology: Tiled Roof Hut,88532467,1014942,68586,Primitive Technology,849
104,https://www.youtube.com/watch?v=4zKewxRfKnw,10 Top Technologies You MUST Learn In 2023 - Upcoming Technologies That Will Change the Game!,23691,1036,95,Tiff In Tech,837
105,https://www.youtube.com/watch?v=MXkoN4rql3g,Revolution Of Artificial Intelligence | Future Technology | Digital Economy | Documentary,64808,1143,112,Moconomy,3168
106,https://www.youtube.com/watch?v=KHq_MCMA89Q,How New Boeing's Plan Will Change Aviation Forever,208810,2058,369,Beyond Facts,490
107,https://www.youtube.com/watch?v=P73REgj-3UE,Primitive Technology: Tiled Roof Hut,88532467,1014942,68586,Primitive Technology,849
108,https://www.youtube.com/watch?v=l0bpy857deM,"World Modern Agriculture Technology - Broccoli, Cabbage, carrot, onion Harvesting machine 2021",8285120,40941,741,Noal Farm,650
109,https://www.youtube.com/watch?v=jcc_8kyBXrA,Technology Full Live Set @ Universo Paralello 2022 / 2023,28174,952,57,Nano Records,5206
110,https://www.youtube.com/watch?v=uz-P7grAg_8,The All Alienware Setup,2035041,73383,3736,Linus Tech Tips,1196
111,https://www.youtube.com/watch?v=XuruPLldSCw,Most Ingenious Construction Inventions & Advanced Working Technology ‚ñ∂3,3136326,12417,164,Quantum Tech HD,593
112,https://www.youtube.com/watch?v=SSC0RkJuBVw,Apple Vision Pro - Is it worth $3500?,9464649,278413,18039,Mrwhosetheboss,770
113,https://www.youtube.com/watch?v=jumeu8V-mnk,Cool Tech Under $50 - July!,620548,18799,2461,randomfrankp,766
114,https://www.youtube.com/watch?v=_vA7GHjpw4s,8 Crazy AI Tools You Must Try In 2023 ü§Ø,902346,48460,873,Trakin Tech,518
115,https://www.youtube.com/watch?v=6_q_LHq85Cs,How Life Will Look Like In 2050,1066615,10570,1069,Simply Tech,592
116,https://www.youtube.com/watch?v=aawix7DCSHU,‡∂ã‡∑É‡∑É‡∑ä ‡∂¥‡∑ô‡∑Ö‡∂ß ‡∂≠‡∑è‡∂ö‡∑ä‡∑Ç‡∂´‡∑Ä‡∑ö‡∂Ø‡∂∫ ‡∂ö‡∂Ω‡∑ú‡∂≠‡∑ä ‡∂ª‡∑ê‡∂ö‡∑í‡∂∫‡∑è ‡∂±‡∑ë ? | Future of the AL Technology Students ET SFT BST ICT,19335,1342,354,Dinuka Wijesinghe,1146
117,https://www.youtube.com/watch?v=A2Po64fg4rs,Friend.tech üöÄ- Scam Or Big Opportunity to 10xüî• ?,11654,883,317,WISE ADVICE,1050
118,https://www.youtube.com/watch?v=nmY2kgWYwyQ,I bought the THINNEST Tech in the world.,20440386,474562,13130,Mrwhosetheboss,1034
119,https://www.youtube.com/watch?v=66YQ7xp99d4,COOL GADGETS YOU CAN BUY ON AMAZON,557694,5094,111,TechZone,781
120,https://www.youtube.com/watch?v=Oa9aWdcCC4o,The World in 2050: Future Technology,2621755,36703,2651,Insane Curiosity,941
121,https://www.youtube.com/watch?v=JhHMJCUmq28,Quantum Computers Explained ‚Äì Limits of Human Technology,18012241,435125,18885,Kurzgesagt ‚Äì In a Nutshell,437
122,https://www.youtube.com/watch?v=ZSiXZxVpVhs,TOP 7 Technology Trends in 2023,293074,4946,81,TechMagelanic,648
123,https://www.youtube.com/watch?v=2dgVqF6w-JQ,10 New Cool Gadgets Under ‚Çπ500 | Available On Amazon!,1028386,7855,66,Unismart Gadgets,488
124,https://www.youtube.com/watch?v=EaEjIoQnFXo,I bought the Craziest GAMING TECH in the World.,10826575,272288,7181,Mrwhosetheboss,1081
125,https://www.youtube.com/watch?v=nJIe2E3_c1U,Construction workers can't believe this machine. Incredible modern construction technology.,2972616,17582,269,AKLA GELEN,521
126,https://www.youtube.com/watch?v=NUZ8LEWldW0,The Future of Building Construction Technology | Construction Technology | In Hindi| Knowledge INDIA,2541944,20543,850,Knowledge INDIA,617
127,https://www.youtube.com/watch?v=WiMcEYf2r-s,'Bloomberg Technology' Full Show (05/16/2023),8663,103,7,Bloomberg Technology,2660
128,https://www.youtube.com/watch?v=ztGsF22OElE,Milow - Ayo Technology (Lyrics),67311,594,10,LatestVibes,228
129,https://www.youtube.com/watch?v=tBDXFiwx5Uo,INCREDIBLE INVENTIONS THAT WILL BLOW YOUR MIND,3530118,21901,735,TechZone,826
130,https://www.youtube.com/watch?v=-b_hBaAAAmI,Everyone's reaction to the Linus Tech Tips Situation,381074,23229,2258,NikTek,212
131,https://www.youtube.com/watch?v=_oFR_ZayfSw,This Impossible Technology Just Turned Out to Be True Reality!,37142,844,51,Voyager,818
132,https://www.youtube.com/watch?v=5SCbufEFgG0,10 AMAZING Tech Inventions 2023 | You Should SEE,108700,1457,47,Future Tech,435
133,https://www.youtube.com/watch?v=vj0siYi4h0o,How Silicon Anode Batteries Will Bring Better Range To EVs,624317,9816,933,CNBC,754
134,https://www.youtube.com/watch?v=HMX0vrJj5nM,"I've tested 5,000 gadgets - These are the 10 I actually Use.",4635859,167943,4326,Mrwhosetheboss,632
135,https://www.youtube.com/watch?v=nqxFiY7NJgs,4x4 sciences Technology Tractor Trolley || how to make tractor trolley ||,1754863,15653,569,Sukhbir Skill,825
136,https://www.youtube.com/watch?v=gfOD-Qpl6eg,Technology Size Comparison  ü§Øü§Ø  3D Animation,1182192,57010,1307,Branch Education,231
137,https://www.youtube.com/watch?v=14Sb2C8yDoI,Moore‚Äôs 23rd Annual Sewing Technology Party | Save up to 70%,3590,401,0,Moore's Sewing,12489
138,https://www.youtube.com/watch?v=M4oPGGh-Svo,4 Ways Technology is Ruining Your Brain Health,18016,936,24,Jim Kwik,509
139,https://www.youtube.com/watch?v=IKLVSxhkZeg,Past And Present Technology Then And Now,2281005,41619,1828,BE AMAZED,984
140,https://www.youtube.com/watch?v=FAUXP2tsnPg,12 INCREDIBLE Inventions YOU Should SEE,45788,638,25,Future Tech,603
141,https://www.youtube.com/watch?v=jp3CgvEUzJU,iPhone 15 Ultra is COMING?! - 8 MAJOR Leak Changes!,84020,2783,379,Max Tech,546
142,https://www.youtube.com/watch?v=0cTpTMl8kFY,What do we do now?,4844999,184044,72578,Linus Tech Tips,1252
143,https://www.youtube.com/watch?v=C_78DM8fG6E,The Inside Story of ChatGPT‚Äôs Astonishing Potential | Greg Brockman | TED,1649563,33613,2095,TED,1810
144,https://www.youtube.com/watch?v=-K7t46Op2us,Ancient Technologies That Were WAY Ahead Of Their Time,1393100,22744,758,BE AMAZED,1633
145,https://www.youtube.com/watch?v=lST54thCR3k,20 Emerging Technologies That Will Change Our World,970217,12141,576,Amerikano,1602
146,https://www.youtube.com/watch?v=5guiUrgcblM,The Danger of AI | Scary Technology | Artificial Intelligence | Documentary,620580,5800,657,Moconomy,3121
147,https://www.youtube.com/watch?v=6liRoz1Gr78,‡§™‡§∂‡•Å‡§™‡§æ‡§≤‡§® ‡§ï‡•Ä ‡§è‡§°‡§µ‡§æ‡§Ç‡§∏ ‡§Æ‡§∂‡•Ä‡§®‡•á‡§Ç | Modern Technology Farming Machines inventions,10729136,30961,161,Knowledge Mind,520
148,https://www.youtube.com/watch?v=JZJmltaE1As,PUTZ LINUS TECH TIPS,14996,1288,113,PipocaTech,755
149,https://www.youtube.com/watch?v=CcoU5anb9BI,China's Mega Bridges Shocked American President,1076678,12243,590,Machine Eye,550
150,https://www.youtube.com/watch?v=OGzZhNIlCRE,"‡§ú‡§æ‡§™‡§æ‡§® 2050 ‡§Æ‡•á‡§Ç ‡§ú‡•Ä ‡§∞‡§π‡§æ ‡§π‡•à, ‡§Ø‡•á ‡§∏‡§¨‡•Ç‡§§ ‡§π‡•à‡§Ç! | How Japan is living in 2050? | Factified",4621923,51223,894,Factified ‡§π‡§ø‡§Ç‡§¶‡•Ä,805
151,https://www.youtube.com/watch?v=qiMnSaZWf3M,17 Coolest Gadgets You Can Actually Buy,3616516,32920,412,YouFact Tech,625
152,https://www.youtube.com/watch?v=FxWNws3X0qM,New Inventions That Are At Another Level ‚ñ∂42,3197305,14920,238,Quantum Tech HD,556
153,https://www.youtube.com/watch?v=hGVVAQVdEOs,Sony Betacam: Not the Beta you're thinking of (it's way better),876591,41976,4325,Technology Connections,2443
154,https://www.youtube.com/watch?v=Ie6X3W4tfoo,How To Build Skyscrapers? Modern Technology & Construction Process Of High Rise Building,3723264,10608,129,YouCanDo TV,2379
155,https://www.youtube.com/watch?v=Ftf7WDwz8eo,15 New Future Technology Predictions for 2030 That Will Change The World,289764,4434,412,Technology Dash,744
156,https://www.youtube.com/watch?v=zaMq6cV9GTg,'Bloomberg Technology' Full Show (03/23/2023),8894,126,17,Bloomberg Technology,2660
157,https://www.youtube.com/watch?v=kDa8uXaC1mE,Bloomberg Technology 08/15/2023,7878,119,20,Bloomberg Technology,2661
158,https://www.youtube.com/watch?v=xPl8H2jZ_UI,15 Incredible New Emerging Technologies,583762,4860,243,Top Fives,1300
159,https://www.youtube.com/watch?v=UcGDzqr2JL0,11 COOL Tech Gadgets 2023 | You Can BUY RIGHT NOW,35806,629,17,Future Tech,498
160,https://www.youtube.com/watch?v=ax6bUF_8txM,The StoryBots Explore Technology üíª Netflix Jr,2390636,4065,0,Netflix Jr.,445
161,https://www.youtube.com/watch?v=d8DMdgQP-J4,Building Modern Technology Houses With Garden And Swimming Pool | DIY Miniature Cardboard House #8,19518606,80250,1376,Cardboard Design,580
162,https://www.youtube.com/watch?v=ZohmOIpGAho,Ayo Technology Lyrics By 50 Cent Ft  Justin Timberlake & Timbaland,8897539,37248,983,Michelle R,257
163,https://www.youtube.com/watch?v=J8MLpv_utfM,"Primitive Technology: Yam, cultivate and cook",15658116,190150,11317,Primitive Technology,437
164,https://www.youtube.com/watch?v=pKE995D1Dnw,MOST INSANE MILITARY TECHNOLOGIES AND VEHICLES IN THE WORLD,2677431,10565,284,TechZone,669
165,https://www.youtube.com/watch?v=LK5j3pp0Too,AI: What is the future of artificial intelligence? - BBC News,241499,3417,795,BBC News,998
166,https://www.youtube.com/watch?v=ZEl-Y1NvBVI,Primitive Technology: Cord drill and Pump drill,80795965,774706,24791,Primitive Technology,504
167,https://www.youtube.com/watch?v=ErMwWXQxHp0,Best Back to School Tech 2022!,2701406,117946,5422,Marques Brownlee,562
168,https://www.youtube.com/watch?v=NIJhge5EYjE,My Favorite Tech Gadgets You Can Buy RIGHT NOW!,499473,14263,434,randomfrankp,917
169,https://www.youtube.com/watch?v=_AXKPrw2efw,New Car Technology We Really Love [Doug DeMuro + Alanis King],148363,5956,1165,Doug DeMuro,1329
170,https://www.youtube.com/watch?v=CBnr4wFpi-s,'Bloomberg Technology' Full Show (03/17/2023),12430,144,9,Bloomberg Technology,2659
171,https://www.youtube.com/watch?v=S3Qz3HapNh0,China Just LAUNCHED Its Artificial Sun To Show It's TECHNOLOGICAL POWER!,470063,4308,715,Voyager,1014
172,https://www.youtube.com/watch?v=yJKMBlQDjDc,Sneak Peek at the Tech Inside the $2.3B MSG Sphere,88312,1226,55,CNET,293
173,https://www.youtube.com/watch?v=DENG7Q7VRgo,Past and Present | Technology Then and Now,1142463,7214,367,Astrolabe,309
174,https://www.youtube.com/watch?v=jDSKfWB1dEM,7 Majedaar IPL Tech !,5259893,272849,10384,Tech Burner,472
175,https://www.youtube.com/watch?v=kDa8uXaC1mE,Bloomberg Technology 08/15/2023,7878,119,20,Bloomberg Technology,2661
176,https://www.youtube.com/watch?v=NIJhge5EYjE,My Favorite Tech Gadgets You Can Buy RIGHT NOW!,499473,14263,434,randomfrankp,917
177,https://www.youtube.com/watch?v=pKE995D1Dnw,MOST INSANE MILITARY TECHNOLOGIES AND VEHICLES IN THE WORLD,2677431,10565,284,TechZone,669
178,https://www.youtube.com/watch?v=ax6bUF_8txM,The StoryBots Explore Technology üíª Netflix Jr,2390636,4065,0,Netflix Jr.,445
179,https://www.youtube.com/watch?v=d8DMdgQP-J4,Building Modern Technology Houses With Garden And Swimming Pool | DIY Miniature Cardboard House #8,19518606,80250,1376,Cardboard Design,580
180,https://www.youtube.com/watch?v=LK5j3pp0Too,AI: What is the future of artificial intelligence? - BBC News,241499,3417,795,BBC News,998
181,https://www.youtube.com/watch?v=ZEl-Y1NvBVI,Primitive Technology: Cord drill and Pump drill,80795965,774706,24791,Primitive Technology,504
182,https://www.youtube.com/watch?v=ErMwWXQxHp0,Best Back to School Tech 2022!,2701406,117946,5422,Marques Brownlee,562
183,https://www.youtube.com/watch?v=ewBJ8uw0si4,I Love Technology,2758427,128778,7171,penguinz0,535
184,https://www.youtube.com/watch?v=CBnr4wFpi-s,'Bloomberg Technology' Full Show (03/17/2023),12430,144,9,Bloomberg Technology,2659
185,https://www.youtube.com/watch?v=syB1ezRvKpU,I bought the SMALLEST Tech in the world.,22441177,495850,20363,Mrwhosetheboss,1340
186,https://www.youtube.com/watch?v=U0YW7x9U5TQ,Electric cars prove we need to rethink brake lights,2822381,123634,16341,Technology Connections,1783
187,https://www.youtube.com/watch?v=S3Qz3HapNh0,China Just LAUNCHED Its Artificial Sun To Show It's TECHNOLOGICAL POWER!,470081,4308,715,Voyager,1014
188,https://www.youtube.com/watch?v=DENG7Q7VRgo,Past and Present | Technology Then and Now,1142463,7214,367,Astrolabe,309
189,https://www.youtube.com/watch?v=jDSKfWB1dEM,7 Majedaar IPL Tech !,5259893,272849,10384,Tech Burner,472
190,https://www.youtube.com/watch?v=yJKMBlQDjDc,Sneak Peek at the Tech Inside the $2.3B MSG Sphere,88312,1226,55,CNET,293
191,https://www.youtube.com/watch?v=5guiUrgcblM,The Danger of AI | Scary Technology | Artificial Intelligence | Documentary,620580,5800,657,Moconomy,3121
192,https://www.youtube.com/watch?v=xgcRdRj9YTU,Banking Crisis | Bloomberg Technology 03/14/2023,23317,195,19,Bloomberg Technology,2653
193,https://www.youtube.com/watch?v=ZDzjqmU43Vw,How Has Technology Made Our Lives Easier?,16298,235,10,Explified,250
194,https://www.youtube.com/watch?v=-pWBbQuIcuI,Live Lessons for IELTS Speaking Practice: Topic of Technology PART 2,73419,2297,111,English Speaking Success,4812
195,https://www.youtube.com/watch?v=t8Cziqv2pb8,Most Insane Military Technologies And Vehicles In The World,1614630,13184,300,The Fancy Banana,1690
196,https://www.youtube.com/watch?v=3DdUvoc7tJ4,How do vinyl records hold stereo sound?,779050,38834,2557,Technology Connections,1056
197,https://www.youtube.com/watch?v=_AXKPrw2efw,New Car Technology We Really Love [Doug DeMuro + Alanis King],148363,5956,1165,Doug DeMuro,1329
198,https://www.youtube.com/watch?v=Tr3O2HgD3BI,TikTok Fallout | Bloomberg Technology 03/24/2023,9844,120,35,Bloomberg Technology,2656
199,https://www.youtube.com/watch?v=8k89c2iSU60,Impressive 3D Printing Technology at FORMNEXT 2022,522957,16793,494,CNC Kitchen,704
200,https://www.youtube.com/watch?v=JoTtD3ZSueU,7 Ancient Technologies Far Too Advanced For Their Time,8958538,97121,3107,WATOP,581
201,https://www.youtube.com/watch?v=rTawvzH0MQ4,"Toyota CEO: ""This New Engine Will Destroy The Entire EV Industry!""",13037347,115652,15065,Car Maniacs,495
202,https://www.youtube.com/watch?v=a9SmPL-ADJU,"Cooking chicken wing, eating in jungle | Primitive technology",718761,6927,283,Primitive Wildlife.,766
203,https://www.youtube.com/watch?v=M-g6mDCPY5Y,Skoda's New Futuristic Interior Tech,3149007,31261,2336,Supercar Blondie,653
204,https://www.youtube.com/watch?v=fdl8jucPlf4,Top 5 Best Tech Gadgets Under Rs.1000‚ö°May 2023,376961,19350,567,Trakin Tech,404
205,https://www.youtube.com/watch?v=1ZKkvuuzG98,Bloomberg Technology 08/21/2023,8999,146,11,Bloomberg Technology,2668
206,https://www.youtube.com/watch?v=-sR4cSgQo3k,'Bloomberg Technology' Full Show (05/08/2023),12341,122,16,Bloomberg Technology,2661
207,https://www.youtube.com/watch?v=_TsonN7YIdA,20 Emerging Technologies That Will Change Our World,3695891,14923,110,Future Unity,1631
208,https://www.youtube.com/watch?v=JEIHogpVJ1k,Technology Song for Kids - The Polkadots,1158550,3465,0,polkadotsnz,133
209,https://www.youtube.com/watch?v=vMfylGqu0_M,10 COOLEST Gadgets You Can ACTUALLY OWN,48994,823,23,Future Tech,603
210,https://www.youtube.com/watch?v=fmBuYaEB3pU,This Chinese Sodium Battery Will Change EV Industry FOREVER In 2023,820834,7349,654,Velocity,559
211,https://www.youtube.com/watch?v=0iZnTLyNac0,Linus Tech Tips Is In HUGE TROUBLE With These New Allegations - Possible CRIMINAL MISCONDUCT!,189436,6678,1385,Gamer Meld,398
212,https://www.youtube.com/watch?v=gcS6NWd5y7I,Chicken Hatchery Technology - Raising Broiler Farm - Modern Poultry Slaughter & Processing Plant,82703107,395244,8661,MachineArena,637
213,https://www.youtube.com/watch?v=-OAa9k0zCDg,What are you going to do in 2023? Tops 5 skills to get!,1859180,76278,2476,David Bombal,1135
214,https://www.youtube.com/watch?v=P5y3asAUpVQ,Top Tech Gadgets and Accessories Under Rs. 500 / 1000 / 1500,79178,2797,52,Top Tech,509
215,https://www.youtube.com/watch?v=DIZRdv3oEA0,Chris Level: Texas Tech's Strength Of This Team Is Its Lack of Weakness | Texas Tech Football,1224,56,26,365 Sports,816
216,https://www.youtube.com/watch?v=vMfylGqu0_M,10 COOLEST Gadgets You Can ACTUALLY OWN,48994,823,23,Future Tech,603
217,https://www.youtube.com/watch?v=wD6hyGXRcgk,TIMELAPSE OF FUTURE TECHNOLOGY: 2022 - 4000+,3973662,94393,15661,Venture City,1023
218,https://www.youtube.com/watch?v=kRzgCylePjk,Making A Billion-Year Lego Clock,3521412,104161,3825,Brick Technology,791
219,https://www.youtube.com/watch?v=_Kr73Fi8JAQ,Technology,93550,1510,6,Huda Hudia & DJ Fixx,430
220,https://www.youtube.com/watch?v=ljwCAJjcgRc,9 COOL Gadgets You Haven't Seen BEFORE,17364,399,7,Future Tech,528
221,https://www.youtube.com/watch?v=50Ti_sJwCnk,Bloomberg Technology 08/16/2023,8008,126,13,Bloomberg Technology,2661
222,https://www.youtube.com/watch?v=Ny1AsTKeQD8,"Diy tractor making Bulldozers | How to plant beans with high-tech machines | Pumpkin harvest ,Fruit",768163,2770,37,Farm Diorama,484
223,https://www.youtube.com/watch?v=Eik3Ydtf8dQ,'Bloomberg Technology' Full Show (04/06/2023),10976,160,54,Bloomberg Technology,2659
224,https://www.youtube.com/watch?v=C4cNnVK412U,"Some following up, and why I won't push you towards rooftop solar",252636,13542,3491,Technology Connextras,1828
225,https://www.youtube.com/watch?v=6-66RDslFuk,POPULAR TECH in LEGO...,4580506,73184,6127,TD BRICKS,509
226,https://www.youtube.com/watch?v=k0lcF4RR_2E,"See how these machines work, can't believe. Incredible technology modern machines",16356128,34035,3619,EzTech HD,842
227,https://www.youtube.com/watch?v=IErvIekMD3U,19 TOXIC Tech Fails that will last Forever.,14553846,350588,12488,Mrwhosetheboss,1754
228,https://www.youtube.com/watch?v=JsObuHO1tMA,Primitive Technology: Making Charcoal (3 Different Methods),1805115,82886,3518,Primitive Technology,915
229,https://www.youtube.com/watch?v=kZvE6ESK_wI,Automating 7 Lego Water Pumps,6971274,122484,2574,Brick Technology,551
230,https://www.youtube.com/watch?v=CTzSdnOyNbg,24 Aug ‡§è‡§ï ‡§î‡§∞ IPO | Tata Technologies IPO | IPO GMP | Jayesh Khatri,42007,1898,130,Knowledge Jazz,356
231,https://www.youtube.com/watch?v=YIgrOo1u3Tg,Kaatha - Technology Radio #020 (DJ-SET),1962,68,6,Technology Productions,3565
232,https://www.youtube.com/watch?v=7J52mDjZzto,Heat Pumps: the Future of Home Heating,3497849,96352,9851,Technology Connections,2115
233,https://www.youtube.com/watch?v=i4m098aRz9Q,20 Future Technologies That Will Change The World,94364,492,16,Future Unity,1857
234,https://www.youtube.com/watch?v=PI6VA8ZNL-0,We made a REAL HOLOGRAM Desk like Tony Stark's!,4342953,171674,3479,Hacksmith Industries,1437
235,https://www.youtube.com/watch?v=97yD1TBAU0c,"Reflowing random IC's, can be called a fix? The laptop screen technology, is changing! Lenovo 720s",20663,1515,126,Electronics Repair School,962
236,https://www.youtube.com/watch?v=N2EkakrZBSU,10 Coolest Gadgets to Buy on Amazon Right Now,25550,487,15,Future Tech,626
237,https://www.youtube.com/watch?v=BZWL7y2fNnE,Live Lessons for IELTS Speaking Practice: Topic of Technology PART 1,84561,2477,115,English Speaking Success,1040
238,https://www.youtube.com/watch?v=TMzo9zjkuHc,Primitive Technology: Rock-Throwing Catapult (Trebuchet),2698325,158214,12817,Primitive Technology,603
239,https://www.youtube.com/watch?v=rbkJa3wMW1E,Banks Collapsing | Bloomberg Technology 03/13/2023,29291,225,44,Bloomberg Technology,2658
240,https://www.youtube.com/watch?v=yJZXuo2SunE,20 Useful Google Tips & Trick You Must Know in 2020 !,5124183,294232,5839,Technology Gyan,774
241,https://www.youtube.com/watch?v=RzkD_rTEBYs,How will AI change the world?,1355840,39312,1644,TED-Ed,355
242,https://www.youtube.com/watch?v=kAm6dKvFb78,Tesla's technology to talk to spirits of the dead,1277360,76605,3514,The Why Files,741
243,https://www.youtube.com/watch?v=jWYcc8UYRIc,'Bloomberg Technology: SVB Fallout Special' (03/10/2023),126875,1011,195,Bloomberg Technology,2689
244,https://www.youtube.com/watch?v=FcAdu7TSKtA,Tech Bytes by nasscom Insights - August 2023 | Key Trends in Indian Technology Industry,7238,8,0,nasscom community & insights,879
245,https://www.youtube.com/watch?v=mfg4dGaKG8k,11 COOL Gadgets You Can BUY Right Now,43154,560,18,Future Tech,574
246,https://www.youtube.com/watch?v=zXFnJcpCFtk,The Ultimate High Tech Luxury Electric Car!,1547482,40242,2381,Auto Focus,1174
247,https://www.youtube.com/watch?v=DNN_Uya610o,Myvillage official videos EP 486 || Cooking technology of green vegetables,18587,489,296,Myvillage official,3684
248,https://www.youtube.com/watch?v=O-buiiyp_xU,Dope Tech: Better than Expected!,2826585,96509,2325,Marques Brownlee,848
249,https://www.youtube.com/watch?v=lqEChBkCsJU,9 INCREDIBLE Inventions 2023 | That Are NEXT LEVEL,27564,410,33,Future Tech,480
250,https://www.youtube.com/watch?v=rDOghts5QtM,INCREDIBLE CONSTRUCTION TECHNOLOGIES THAT ARE WORTH SEEING,3940179,20061,190,TechZone,682
251,https://www.youtube.com/watch?v=zIwLWfaAg-8,Elon Musk: The future we're building -- and boring | TED,25530333,383948,25297,TED,2450
252,https://www.youtube.com/watch?v=upoUDgC1tZU,"8 SECRET EXAM CHEATING GADGETS FOR STUDENTS | Gadgets under Rs100, Rs200 and Rs1000",5313539,71842,1389,Gadget Zone,449
253,https://www.youtube.com/watch?v=eesj3pJF3lA,Primitive Technology: Wood Ash Cement & Fired Brick Hut,10685533,279320,12014,Primitive Technology,793
254,https://www.youtube.com/watch?v=TswGy33B3yw,Sour Mood at Credit Suisse | Bloomberg Technology 03/20/2023,10461,162,33,Bloomberg Technology,2645
255,https://www.youtube.com/watch?v=DNN_Uya610o,Myvillage official videos EP 486 || Cooking technology of green vegetables,18587,489,296,Myvillage official,3684
256,https://www.youtube.com/watch?v=0mMbcKGO5_k,Sreenidhi Institute of Science & Technology - ‡∞Ø‡±Ç‡∞®‡∞ø‡∞µ‡∞∞‡±ç‡∞∏‡∞ø‡∞ü‡±Ä ‡∞™‡±á‡∞∞‡±Å‡∞§‡±ã ‡∞∂‡±ç‡∞∞‡±Ä‡∞®‡∞ø‡∞ß‡∞ø ‡∞á‡∞Ç‡∞ú‡∞®‡±Ä‡∞∞‡∞ø‡∞Ç‡∞ó‡±ç ‡∞ï‡∞æ‡∞≤‡±á‡∞ú‡±ç ‡∞¶‡∞Ç‡∞¶‡∞æ-TV9,9630,0,6,TV9 Telugu Live,283
257,https://www.youtube.com/watch?v=_oFR_ZayfSw,This Impossible Technology Just Turned Out to Be True Reality!,37142,844,51,Voyager,818
258,https://www.youtube.com/watch?v=RQE56ksVBB4,How Sodium-Ion Batteries May Challenge Lithium,674065,10553,819,CNBC,838
259,https://www.youtube.com/watch?v=oLt-X13CgQc,Cooling Our Homes Without Electricity?,1568119,38473,1756,Undecided with Matt Ferrell,913
260,https://www.youtube.com/watch?v=Hg_8-6-JZ9o,Linus Tech Tips VS Gamers Nexus ¬øQu√© pas√≥ y qu√© se dijo? TERTULIA - DrogaDigital,11975,1088,311,DrogaDigital,2094
261,https://www.youtube.com/watch?v=uiUPD-z9DTg,The Next Global Superpower Isn't Who You Think | Ian Bremmer | TED,4199322,81429,7909,TED,898
262,https://www.youtube.com/watch?v=S_oKdEJm01Y,"Big chicken,cooking in clay pot recipes | Primitive technology",504135,4340,136,Primitive Wildlife.,879
263,https://www.youtube.com/watch?v=VS4yYHskzRs,"Scientists Discover New ‚ÄúSilicone Anode Battery‚Äù Technology Promises 2,000KM Range",2503,108,12,Velocity,691
264,https://www.youtube.com/watch?v=tQmFVcD-Mbo,Solar 3.0: This New Technology Could Change Everything,6017086,100736,4098,Electric Future,1040
265,https://www.youtube.com/watch?v=b-ohHsbPSrI,JOL TV: Georgia Tech names a QB for the Louisville game,782,78,4,Kelly Quinlan,2557
266,https://www.youtube.com/watch?v=g6LX8lHyfiU,Using AI to Decode the Fed | Bloomberg Technology 04/17/2023,9320,132,24,Bloomberg Technology,2665
267,https://www.youtube.com/watch?v=hDzLdLMCoos,"See how this cow machine works. Incredible farm, modern technology machines",27607390,65099,912,EzTech HD,700
268,https://www.youtube.com/watch?v=f2nRKHHCe84,INCREDIBLE Inventions That You Haven't Seen YET,13692,303,13,Future Tech,574
269,https://www.youtube.com/watch?v=Evb5Z9hNGM8,Why Apple Made NEW Yellow iPhone 14?,2498999,106167,2344,Tech Burner,486
270,https://www.youtube.com/watch?v=F1Sn7lJqaQM,Camping Inventions That Are the Next Level ‚ñ∂8,596914,5538,74,Quantum Tech HD,629
271,https://www.youtube.com/watch?v=D8K90hX4PrE,Daft Punk - Technologic (Official Video),34386282,387766,27077,Daft Punk,176
272,https://www.youtube.com/watch?v=3NtUc30WsdU,20 Coolest Smart Home Gadgets of 2023,324013,2869,53,YouFact Tech,704
273,https://www.youtube.com/watch?v=gcRH-f3ytA4,Linus is Changing How We See Tech Content FOREVER.,58513,3516,794,Vex,1086
274,https://www.youtube.com/watch?v=xmVt8lC74ns,I go to ABSURD tech conference.,203123,10329,675,Programmers are also human,596
275,https://www.youtube.com/watch?v=rjvQ10fy6JI,‡§∏‡•ã‡§´‡§ø‡§Ø‡§æ ‡§ï‡•á ‡§∏‡§æ‡§• ‡§™‡§π‡§≤‡•Ä ‡§Æ‡•Å‡§≤‡§æ‡§ï‡§æ‡§§ | Tech Tak Special | Tech Tak,10890878,213995,5098,Fiiber Hindi,183
276,https://www.youtube.com/watch?v=HoLdoYmlCPo,No one is talking about the REAL issue - Gamers Nexus and Linus Tech Tips,223126,7324,2895,Coreteks,1104
277,https://www.youtube.com/watch?v=xCeAcDZhrwk,Technology essay in english for students,653721,9140,323,SAZ education,661
278,https://www.youtube.com/watch?v=nVXaSxeN4iw,Robots From CHINA are Taking Over The World. China's LARGEST Robot Exhibition - WRC 2022,2280916,10987,1611,Carros Show,758
279,https://www.youtube.com/watch?v=fKkVNY-T9uQ,Construction Of The World's Largest Airports In T√ºrkiye. Leading Construction Equipment & Technology,787469,3110,79,YouCanDo TV,2151
280,https://www.youtube.com/watch?v=eqkbs5Z3y-M,( New ) Free internet 100% Working -  New Technology 2019,3774324,55245,2003,Energy Tech,617
281,https://www.youtube.com/watch?v=41lmPfh5Rgw,Amazing khakhra making Indian Technology #Technology,21517917,19781,428,Hetal's Art,617
282,https://www.youtube.com/watch?v=nGu0_8whK54,Linus Tech Tips has Problems,210356,10285,1304,Chris Titus Tech,740
283,https://www.youtube.com/watch?v=JMLsHI8aV0g,How China Is Using Artificial Intelligence in Classrooms | WSJ,3019493,67997,11892,Wall Street Journal,343
284,https://www.youtube.com/watch?v=V5QkDkIKpDM,The US Lethal Drone That No Enemy Is Prepared For,250037,8574,425,Dark Tech,591
285,https://www.youtube.com/watch?v=jh8QAn523bE,MODERN TECHNOLOGY BANANA FARM IN THE PHILIPPINES -AMAZING BANANA HARVESTING-GREAT BANANA PLANTATION,6175012,26618,780,Science & Technology UI,590
286,https://www.youtube.com/watch?v=kUhKShrHTYA,Real Invisibility Cloak Tech - 10 Amazing Invisibility Technologies,2292880,25734,1411,DailyTop10s,669
287,https://www.youtube.com/watch?v=4pu0zXlBn80,Most Satisfying Machines and Ingenious Tools ‚ñ∂ 41,1834662,3797,102,Quantum Tech HD,592
288,https://www.youtube.com/watch?v=ZuF4YLJ3Gpw,Brain Drain and Capital Issues Plague India's Tech Industry || Peter Zeihan,403223,13583,2185,Zeihan on Geopolitics,284
289,https://www.youtube.com/watch?v=XQSJJ-n3Aw0,New Inventions That Are At Another Level ‚ñ∂44,704138,5307,71,Quantum Tech HD,604
290,https://www.youtube.com/watch?v=_YDuLCIzbN4,Primitive Technology: Pottery and Stove,15899251,275104,15102,Primitive Technology,606
291,https://www.youtube.com/watch?v=6CWsLR5SuyU,What is Technology? - with some of its Advantages and Disadvantages to society,240643,2553,97,Laerac,209
292,https://www.youtube.com/watch?v=HoLdoYmlCPo,No one is talking about the REAL issue - Gamers Nexus and Linus Tech Tips,223126,7324,2895,Coreteks,1104
293,https://www.youtube.com/watch?v=OPIUMpiV0IY,Primitive Technology: Making Iron From Creek Sand,4532684,170189,7127,Primitive Technology,609
294,https://www.youtube.com/watch?v=JMLsHI8aV0g,How China Is Using Artificial Intelligence in Classrooms | WSJ,3019493,67997,11892,Wall Street Journal,343
295,https://www.youtube.com/watch?v=gcRH-f3ytA4,Linus is Changing How We See Tech Content FOREVER.,58513,3516,794,Vex,1086
296,https://www.youtube.com/watch?v=T53zdMvOPmE,Process of Making Ball Bearing with Modern Technology. Bearing Factory in Korea,12364162,61776,1989,Factory Monster,611
297,https://www.youtube.com/watch?v=eqkbs5Z3y-M,( New ) Free internet 100% Working -  New Technology 2019,3774324,55245,2003,Energy Tech,617
298,https://www.youtube.com/watch?v=Bewz73HXBRA,Friend.Tech ile Sosyal Token Satarak Para Kazanmak! - BEKLENEN Vƒ∞DEO,3801,133,89,Tarƒ±k Bilen,596
299,https://www.youtube.com/watch?v=xmVt8lC74ns,I go to ABSURD tech conference.,203123,10330,675,Programmers are also human,596
300,https://www.youtube.com/watch?v=IcR0wO51_qI,"Cooking in jungle, meet the goat at waterfall | Primitive technology",3294487,25841,718,Primitive Wildlife.,805
301,https://www.youtube.com/watch?v=fKkVNY-T9uQ,Construction Of The World's Largest Airports In T√ºrkiye. Leading Construction Equipment & Technology,787469,3110,79,YouCanDo TV,2151
302,https://www.youtube.com/watch?v=V5QkDkIKpDM,The US Lethal Drone That No Enemy Is Prepared For,250037,8574,425,Dark Tech,591
303,https://www.youtube.com/watch?v=EDsLYz9flL0,This Phone is New Flagship Killer Really?? - Moto Edge 40 Test,926863,36442,1986,Technology Gyan,536
304,https://www.youtube.com/watch?v=xfxEe-aq3hU,Essay on Technology in English // Write short essay on Technology in English || Handwriting,129293,1824,114,Technical Writer,603
305,https://www.youtube.com/watch?v=Jz4b3AJmZ5o,Cloud Seeding: The Secret to China & Dubai's Rain |¬†Dhruv Rathee,3998316,171041,8400,Dhruv Rathee,1418
306,https://www.youtube.com/watch?v=4F0HOGj2cJ4,5 AMAZING *Useful Gadgets* UNDER ‚Çπ500 Rs ‚ö°Ô∏è TOP TECH 2022 - EP #32,5775667,170418,920,Aman Dhingra,534
307,https://www.youtube.com/watch?v=ZuF4YLJ3Gpw,Brain Drain and Capital Issues Plague India's Tech Industry || Peter Zeihan,403223,13583,2185,Zeihan on Geopolitics,284
308,https://www.youtube.com/watch?v=5EPGVRTmnyc,Modern Transportation Technology in the Future #4,7795398,25814,76,Human Technology,515
309,https://www.youtube.com/watch?v=aZApJcnukIw,Top 50 Smart Furniture & Ingenious Space Saving Designs | Best of Quantum Tech HD,1012548,7015,81,Quantum Tech HD,759
310,https://www.youtube.com/watch?v=t52Bi-ZUZjA,I Challenged My AI Clone to Replace Me for 24 Hours | WSJ,938167,14929,955,Wall Street Journal,454
311,https://www.youtube.com/watch?v=ZiXg6H_FycI,This TV gadget censors bad words with 1980's tech,1754973,78634,7325,Technology Connections,1467
312,https://www.youtube.com/watch?v=cc7ogUp3x-c,Linus Tech Tips Controversy,6207,375,50,Son of a Tech,1028
313,https://www.youtube.com/watch?v=97JZMrnRnYM,Modern Agriculture Machines That Are At Another Level ‚ñ∂10,15281266,56788,1460,Quantum Tech HD,564
314,https://www.youtube.com/watch?v=759bYwbai8w,10 BANNED GADGETS YOU CAN STILL BUY ON AMAZON,1940456,10906,278,BEST COOL TECH,510
315,https://www.youtube.com/watch?v=_yMMTVVJI4c,Why don't Americans use electric kettles?,3100260,121251,27917,Technology Connections,1495
316,https://www.youtube.com/watch?v=aFPJf-wKTd0,How Hidden Technology Transformed Bowling,15014438,262925,9081,Veritasium,1680
317,https://www.youtube.com/watch?v=yi-h5hNzTVw,Why Apple is ending the iPhone in 2023,2684271,22116,7207,The Apple Circle,778
318,https://www.youtube.com/watch?v=SK9ROXIEgSU,Primitive Technology - Cooking 10 Red Fish For Food At The Forest,828430,10387,304,Primitive Wildlife.,774
319,https://www.youtube.com/watch?v=2_ipeD0shqg,Amazing World Modern Farming Egg Harvest Technology. Incredible Automatic Breeding Process Chicken,5659388,25266,212,Farm Machinery,489
320,https://www.youtube.com/watch?v=ckIka-WzGqg,Water Firing Hypercar with NASA Technology | Hyperion XP-1,9781,187,22,Supercar Gear,498
321,https://www.youtube.com/watch?v=kXL6DgUh4u8,Were the Unabomber‚Äôs Predictions About Technology Correct?,1122258,42332,5936,Moon,1257
322,https://www.youtube.com/watch?v=494TFnRVrz0,Turkish Aviation Festival: World's Largest Turkish Technology TEKNOFEST,5561,218,18,Tech Center,198
323,https://www.youtube.com/watch?v=Df1sbXrLVx4,‡§ñ‡§§‡§∞‡§®‡§æ‡§ï Hacker ‡§¨‡§®‡§®‡§æ ‡§π‡•à ‡§§‡•ã ‡§Ø‡•á ‡§ú‡§∞‡•Ç‡§∞ ‡§∏‡•Ä‡§ñ‡•á üò≤üò≤| Which Programming Languages Do HACKERS Use & Why ??,4045961,236885,6332,Technology Gyan,507
324,https://www.youtube.com/watch?v=ZifujZQqQMo,Apple Vision Pro first look,1000445,15339,1695,The Verge,272
325,https://www.youtube.com/watch?v=SS0mJU1iC88,Ai ‡¶¶‡¶ø‡ßü‡ßá ‡¶≠‡¶ø‡¶°‡¶ø‡¶ì ‡¶¨‡¶æ‡¶®‡¶ø‡ßü‡ßá ‡¶≤‡¶ï‡ßç‡¶∑ ‡¶ü‡¶æ‡¶ï‡¶æ ‡¶á‡¶®‡¶ï‡¶æ‡¶Æ | ‡¶∏‡¶§‡ßç‡¶Ø ‡¶®‡¶æ‡¶ï‡¶ø ‡¶Æ‡¶ø‡¶•‡ßç‡¶Ø‡¶æ!,229743,8189,468,AFR Technology,500
326,https://www.youtube.com/watch?v=JkEoKO5X9ZA,"Future Technology According to the Imagination #1 , #2",1216922,5613,25,Kin Kin Creativity,961
327,https://www.youtube.com/watch?v=D8K90hX4PrE,Daft Punk - Technologic (Official Video),34386282,387766,27077,Daft Punk,176
328,https://www.youtube.com/watch?v=SqB0lUcqFbA,Hating Apple is Getting REALLY Hard - WWDC 2023,3049937,102509,9849,Linus Tech Tips,589
329,https://www.youtube.com/watch?v=gTDQXoLmuUs,Amazing Technology Manufacturing Process of Rotavator Machine blade Mass Production Process Factory,634137,694,33,Random Skills,594
330,https://www.youtube.com/watch?v=kXL6DgUh4u8,Were the Unabomber‚Äôs Predictions About Technology Correct?,1122258,42332,5936,Moon,1257
331,https://www.youtube.com/watch?v=oIJAAL4Z-rg,Rescue 3 Puppies from Deep Hole Build Dog House From Brick And Fish Pond,6723867,32101,230,House Technology,1042
332,https://www.youtube.com/watch?v=Df1sbXrLVx4,‡§ñ‡§§‡§∞‡§®‡§æ‡§ï Hacker ‡§¨‡§®‡§®‡§æ ‡§π‡•à ‡§§‡•ã ‡§Ø‡•á ‡§ú‡§∞‡•Ç‡§∞ ‡§∏‡•Ä‡§ñ‡•á üò≤üò≤| Which Programming Languages Do HACKERS Use & Why ??,4045961,236885,6332,Technology Gyan,507
333,https://www.youtube.com/watch?v=yi-h5hNzTVw,Why Apple is ending the iPhone in 2023,2684271,22116,7207,The Apple Circle,778
334,https://www.youtube.com/watch?v=7FH2FfX39r4,"Intelligent Technology Smart Farming Automatic Cow Feeding, Modern Cow Milking Automatic Machine",5486111,14484,397,B Technology,603
335,https://www.youtube.com/watch?v=xkjMZvUILZM,Pro Guitar Tech's Most Hated Things (and how to fix them),459339,17969,1426,Rhett Shull,989
336,https://www.youtube.com/watch?v=494TFnRVrz0,Turkish Aviation Festival: World's Largest Turkish Technology TEKNOFEST,5561,218,18,Tech Center,198
337,https://www.youtube.com/watch?v=Dy8ogOaKk4Y,"Google, Facebook, Amazon - The rise of the mega-corporations | DW Documentary",3406645,29751,2407,DW Documentary,2546
338,https://www.youtube.com/watch?v=QT7NB3W8Qvo,Driving Lego Cars in Sand,8211422,135473,3914,Brick Technology,507
339,https://www.youtube.com/watch?v=gmTuI5LfgVc,Amazing Modern Automatic Cow Farming Technology - Incredible Automatic Feeding and Milking Machines,14677259,39735,593,Farm Machinery,524
340,https://www.youtube.com/watch?v=g8Qav3vIv9s,How are microchips made?,5221306,79267,1857,Interesting Engineering,335
341,https://www.youtube.com/watch?v=LpQxeGtZF2o,"Elon Musk Revealed All New Solar Panels for 2024 Renewable Energy, Can blow your mind!",1011749,9108,466,TESLA CAR WORLD,1787
342,https://www.youtube.com/watch?v=9irICRnszOc,Primitive Technology: Iron Bacteria Cement (no fire/water insoluble),1819500,82741,2596,Primitive Technology,336
343,https://www.youtube.com/watch?v=csYmsSG1_pc,"Making & Documenting Software Architecture Decisions: Technology Radars, Technology Standards, ADRs",16,0,0,Erik Wilde,1481
344,https://www.youtube.com/watch?v=Gqhxe_pL6Ws,Primitive Technology: Pottery Wheel,2258954,95457,3590,Primitive Technology,561
345,https://www.youtube.com/watch?v=qPn0NsZDtkk,"Hoysaleswara Temple, India - Built with Ancient Machining Technology?",2680511,56525,7193,PraveenMohan,535
346,https://www.youtube.com/watch?v=DuAeaIcAXtg,There are two types of smoke alarm. One of 'em ain't so good.,1744409,78928,9032,Technology Connections,1495
347,https://www.youtube.com/watch?v=QzJ1ywtxmz8,Joe Rogan: Archeologists Are LYING About ANCIENT Technology Used,2873666,42044,7482,JRE Shorts,462
348,https://www.youtube.com/watch?v=bZmliw7SsNI,Camping Inventions That Are the Next Level ‚ñ∂6,1786076,13313,154,Quantum Tech HD,600
349,https://www.youtube.com/watch?v=4RixMPF4xis,AI vs Machine Learning,413970,14833,367,IBM Technology,349
350,https://www.youtube.com/watch?v=pntmglWQVUQ,"Turtle, cooking eating delicious | Primitive technology",1229305,10484,427,Primitive Wildlife.,734
351,https://www.youtube.com/watch?v=l9rnSvlzOD0,DESTROYING FRANKLIN‚ÄôS HOUSE IN MINECRAFT,22239622,1069031,44401,Techno Gamerz,1180
352,https://www.youtube.com/watch?v=nBHQ9nV0Vbw,"Amazing Woodworking Factory | Extreme Wood Cutting Sawmill Machines, Cheesy Wood Giant 1000 Year Old",4790110,15028,396,Woodworking Technology,1404
353,https://www.youtube.com/watch?v=r_nvkq5gpOQ,How to Use and Make Money on Friend Tech (Airdrop Guide!),4420,86,57,Dynamo DeFi,631
354,https://www.youtube.com/watch?v=8TQcT3bma9g,Future Technology According to the Imagination | Virus Collection | #46 (P25),4723578,23800,128,Kin Kin GT,509
355,https://www.youtube.com/watch?v=SC4JxhrBtUM,How To Make Helicopter Matchbox Helicopter Toy Diy,124670096,339420,12369,Satish Tech,176
356,https://www.youtube.com/watch?v=upibtnUrDUE,"The Texas Tech horse is so dark it's ""glowing""",2462,115,26,Locked On Texas Tech,1798
357,https://www.youtube.com/watch?v=Blf46HbbFXU,12 Most Incredible Transport Technologies Of The Future,33353,504,18,Lightning Top,928
358,https://www.youtube.com/watch?v=frmFGo5cpWQ,Information Science and Technology at George Mason University | INTO,228,4,0,INTO Study,211
359,https://www.youtube.com/watch?v=z3ZObFDhY78,Cardiac Technology Vs Cardiac Perfusion ‡Æé‡Æ§‡ØÅ ‡Æö‡Æø‡Æ±‡Æ®‡Øç‡Æ§‡Æ§‡ØÅ?|@successtosuccess1457,1670,0,9,Success To Success,329
360,https://www.youtube.com/watch?v=lo6D67MY4J4,Mobile Healthcare Apps: How Mobile Technology in Healthcare is Transforming the Industry,18416,108,8,QBurst,160
361,https://www.youtube.com/watch?v=xRfkXXUyiYY,Unmasking a Killer's Memory: Can New Technology Read Murderer's Mind? | New Detectives | Real Crime,18804,532,41,Real Crime,3126
362,https://www.youtube.com/watch?v=7KCGrxFtqlI,Borschtsch - Amerikanski Technology,72364,1487,65,valk82,351
363,https://www.youtube.com/watch?v=LICUFidBF_c,‡¶Ü‡¶∞‡ßç‡¶ü‡¶ø‡¶´‡¶ø‡¶∂‡¶ø‡ßü‡¶æ‡¶≤ ‡¶á‡¶®‡ßç‡¶ü‡¶ø‡¶≤‡¶ø‡¶ú‡ßá‡¶®‡ßç‡¶∏‡ßá‡¶∞ ‡¶ï‡¶ø‡¶õ‡ßÅ ‡¶≠‡ßü‡¶Ç‡¶ï‡¶∞ ‡¶∞‡ßÇ‡¶™ | Use of Artificial Intelligence,148918,3932,218,AFR Technology,249
364,https://www.youtube.com/watch?v=IS3e2nxiW8I,Automatic Camel Milking Technology - Modern Camel Farming -  Amazing Camel Milk Product,8628887,34433,668,Noal Farm,556
365,https://www.youtube.com/watch?v=rCgUmKVeTRw,How Technology Can Enable Sustainable Procurement,29,6,0,SupplyChainBrain,512
366,https://www.youtube.com/watch?v=sgJ4LhFYjjM,Audi's New Lighting Technology | A6 Avant e-Tron,6496906,55252,3791,Supercar Blondie,483
367,https://www.youtube.com/watch?v=Vt8ErEcu618,"China's laser weapon technology, Ukraine's demining machine and more | TIO: ‚ÄãEp 124 | Full Show",3002,37,5,WION,1379
368,https://www.youtube.com/watch?v=ODHO9cloTQs,Open-Source Technology for Big Data Analytics,472,6,0,Sirisha Lectures,384
369,https://www.youtube.com/watch?v=k2RKtUh6m3Q,Primitive Technology: Purifying Clay By Sedimentation and Making Pots,3226946,127956,4311,Primitive Technology,652
370,https://www.youtube.com/watch?v=P-QXhwKRg8U,Amazing Tools That Are On Another Level ‚ñ∂ 43,2510880,9940,118,Quantum Tech HD,562
371,https://www.youtube.com/watch?v=82Rsuqalnbc,Vision Technologies | The Leading Sports Manufacturer From Pakistan,6007,75,0,Vision Technologies,284
372,https://www.youtube.com/watch?v=I-ORt8313Og,Cyberpunk 2077 Ray Tracing: Overdrive Technology Preview on RTX 4090,727077,25030,4200,Digital Foundry,651
373,https://www.youtube.com/watch?v=GODSmXQC8nI,B.Tech in Agriculture Information Engineering - Eligibility | Career Scope | Job Opportunities,2411,46,7,Agriculture and Technology,335
374,https://www.youtube.com/watch?v=6yCl6NYKZr0,Enzyme Technology MCQ | Unit 7 III | 4th Semester  | BSc 2nd Year Zoology,3074,65,4,School of Biology,606
375,https://www.youtube.com/watch?v=MoQtjYQ8BKs,Waterbodies | CID | Technology Designed For Tourists Becomes A Weapon | 10 Feb 2023,4375187,33309,320,LIV Crime,2791
376,https://www.youtube.com/watch?v=s0JAzqNxmeQ,8 MINUTES AGO: China LAUNCHED Its Artificial Sun And Proves It's TECHNOLOGICAL POWER!,791761,5955,159,Future Unity,574
377,https://www.youtube.com/watch?v=FNXB5qeDe6s,"Karlsruhe Institute of Technology, Germany | Campus | Ranking | Courses | Fees | EasyShiksha.com",4106,42,6,EasyShiksha TV,318
378,https://www.youtube.com/watch?v=6zA_cuEP378,15.4CH Definitive Technology + Denon Awesome Demo Experience!,19930,400,31,Audioholics,391
379,https://www.youtube.com/watch?v=JkeX_DBIVgQ,25 Amazing Gadgets & Home Appliances from Amazon ‚ñ∂3,5553302,18613,200,Quantum Tech HD,340
380,https://www.youtube.com/watch?v=_ok5n7GrTIo,New Inventions That Are At Another Level ‚ñ∂41,6223871,19954,288,Quantum Tech HD,570
381,https://www.youtube.com/watch?v=YDcakKDJWv0,Amazing Farming ideas for Your Home & Garden,13466036,72181,1696,Smart Garden Technology,401
382,https://www.youtube.com/watch?v=IZGJ2Nz9B5M,‡§™‡•Å‡§∞‡§æ‡§®‡•Ä Spring ‡§∏‡•á ‡§¨‡§®‡§æ‡§Ø‡§æ Free ‡§ï‡§æ Indian ‡§ú‡•Å‡§ó‡§æ‡§°‡§º ‚Çπ1000 ‡§¨‡§ö‡§æ‡§Ø‡•á || Top New Idea,3987878,47062,834,Samar Experiment,416
383,https://www.youtube.com/watch?v=QE4zOJqe4eQ,Teens React To Palm Pilots | Reacting to Old Technology | REACT,171132,3962,1018,REACT,595
384,https://www.youtube.com/watch?v=ZMT38JDc0yA,23nd Century Future Technology VFX - Hulk vs Iron Man War in Future World,4765060,34613,154,Comosix Tech,1326
385,https://www.youtube.com/watch?v=CU38gUD1GBA,Joe Rogan Just Announced The TERRIFYING Truth About Antarctica,4947316,61035,172,Future Unity,1360
386,https://www.youtube.com/watch?v=jgs4DGMrhTs,The Technology of The Antichrist,44139,726,36,Bass Coast Baptist Church,4497
387,https://www.youtube.com/watch?v=wJBAxnQBtec,SBI Technology Opportunities Fund | SBI Technology Opportunities Fund Direct Growth 2023,4269,82,1,AD Guide Official,602
388,https://www.youtube.com/watch?v=9hD3H3fXceg,Stem Cell Technology - Science and Technology for UPSC (Episode 4),50021,1584,69,Let's Crack UPSC CSE,1245
389,https://www.youtube.com/watch?v=d1XlvHZMfuE,Technology Can Be Used As An Enabler,307,12,15,Business Today,238
390,https://www.youtube.com/watch?v=I2Hua4A0_Ow,"Information technology branch analysis . Jobs, salary, colleges..",63731,1952,165,Diploma Trends,550
391,https://www.youtube.com/watch?v=7CH6BURyXRg,Hical Technologies video - May 2022,2534,84,0,Hical Technologies Pvt. Ltd,145
392,https://www.youtube.com/watch?v=DLWfVZw4PSQ,Bloomberg Technology 08/17/2023,2771,29,2,Bloomberg Television,2665
